,player_id,team_id,team_tx,pos_tx,elo,teamID,nameFirst,nameLast,score
0,zimmr001,WAS,WAS,3B,759.8601139223273,WAS,Ryan,Zimmerman,252.53
1,wertj001,WAS,WAS,OF,959.3401488863843,WAS,Jayson,Werth,252.92
2,waltz001,WAS,WAS,SS,1494.273048143399,WAS,Zach,Walters,4.75
3,tracc001,WAS,WAS,3B,1359.5387630338162,WAS,Chad,Tracy,35.8
4,suzuk001,WAS,WAS,C,1130.348788729967,WAS,Kurt,Suzuki,86.07999999999998
8,spand001,WAS,WAS,OF,729.4982120823149,WAS,Denard,Span,222.88
9,solaj002,WAS,WAS,C,1439.3663768251224,WAS,Jhonatan,Solano,7.8599999999999985
10,renda001,WAS,WAS,3B,1053.3296199718154,WAS,Anthony,Rendon,135.49
11,ramow001,WAS,WAS,C,1152.6139335006183,WAS,Wilson,Ramos,135.0
12,peree003,WAS,WAS,OF,1488.876671656427,WAS,Eury,Perez,0.48
13,marrc001,WAS,WAS,1B,1480.0423976397312,WAS,Chris,Marrero,1.71
14,lombs002,WAS,WAS,2B,1141.2514256360648,WAS,Steve,Lombardozzi,89.94999999999997
15,leons001,WAS,WAS,C,1498.74950180645,WAS,Sandy,Leon,-0.2
16,kobej001,WAS,WAS,2B,1466.195539920846,WAS,Jeff,Kobernus,8.98
17,harpb003,WAS,WAS,OF,967.711524660771,WAS,Bryce,Harper,205.38
18,hairs001,WAS,WAS,2B,1320.076730783846,CHN,Scott,Hairston,40.72
22,espid001,WAS,WAS,SS,1292.1420485298618,WAS,Danny,Espinosa,33.1
23,desmi001,WAS,WAS,SS,731.2608228600478,WAS,Ian,Desmond,250.66
24,dejed001,WAS,WAS,CF,1077.9603197834272,CHN,David,DeJesus,110.63
33,browc003,WAS,WAS,OF,1487.8038435991218,WAS,Corey,Brown,5.4
34,bernr001,WAS,WAS,OF,1206.0037236421938,WAS,Roger,Bernadina,34.67
38,tholj001,TOR,TOR,C,1330.26998647146,TOR,Josh,Thole,31.41
39,sierm001,TOR,TOR,OF,1374.1167286282312,TOR,Moises,Sierra,47.12000000000001
40,reyej001,TOR,TOR,SS,1042.6908063550914,TOR,Jose,Reyes,160.04999999999995
41,rasmc001,TOR,TOR,OF,990.7578650885624,TOR,Colby,Rasmus,184.26
42,pillk001,TOR,TOR,OF,1365.1779260997118,TOR,Kevin,Pillar,30.99
43,nickm001,TOR,TOR,C,1500.0,TOR,Mike,Nickeas,0.0
44,linda001,TOR,TOR,OF,923.4451323421795,TOR,Adam,Lind,218.37
45,lawrb002,TOR,TOR,3B,962.8785484964296,TOR,Brett,Lawrie,156.37
46,laroa002,TOR,TOR,3B,1492.6080763675147,TOR,Andy,LaRoche,-0.2
47,langr002,TOR,TOR,OF,1486.8928756826904,TOR,Ryan,Langerhans,3.82
48,kawam001,TOR,TOR,SS,1175.101593744261,TOR,Munenori,Kawasaki,91.81
49,iztum001,TOR,TOR,SS,1018.8366612110634,TOR,Maicer,Izturis,119.47
50,gosea001,TOR,TOR,OF,1314.9386534473517,TOR,Anthony,Gose,45.6
51,encae001,TOR,TOR,3B,833.1814913979141,TOR,Edwin,Encarnacion,302.81
52,derom001,TOR,TOR,SS,1242.0694507415246,TOR,Mark,DeRosa,91.99
53,davir003,TOR,TOR,OF,1080.3961709550686,TOR,Rajai,Davis,118.21
54,cabrm002,TOR,TOR,OF,1070.7913973850343,TOR,Melky,Cabrera,122.95
55,bonie001,TOR,TOR,2B,940.8152690305876,TOR,Emilio,Bonifacio,71.84
59,blanh001,TOR,TOR,C,1307.9398869855454,SEA,Henry,Blanco,27.42
63,bautj002,TOR,TOR,3B,911.719451114724,TOR,Jose,Bautista,230.12
64,sotog001,TEX,TEX,C,1302.1536547967726,TEX,Geovany,Soto,65.74
65,riosa002,TEX,TEX,OF,754.4094601232674,CHA,Alex,Rios,177.52999999999997
69,profj001,TEX,TEX,SS,1118.1821842354955,TEX,Jurickson,Profar,96.93999999999998
70,piera001,TEX,TEX,C,854.8300089394395,TEX,A. J.,Pierzynski,199.36
71,mcguc001,TEX,TEX,1B,1454.915790389324,TEX,Chris,McGuiness,3.75
72,kinsi001,TEX,TEX,SS,775.4107584224289,TEX,Ian,Kinsler,240.97
73,cruzn002,TEX,TEX,OF,978.4567157178279,TEX,Nelson,Cruz,195.47000000000003
74,chirr001,TEX,TEX,C,1465.4357417245435,TEX,Robinson,Chirinos,5.54
75,butlj002,TEX,TEX,OF,1487.2802043424026,TEX,Joey,Butler,5.78
76,borbj001,TEX,TEX,OF,1405.2366806622513,CHN,Julio,Borbon,28.42
80,berkl001,TEX,TEX,OF,1181.334662891564,TEX,Lance,Berkman,106.35
81,belte002,TEX,TEX,OF,1459.7122295319066,TEX,Engel,Beltre,9.8
82,belta001,TEX,TEX,3B,729.8780967665364,TEX,Adrian,Beltre,311.7
83,bakej001,TEX,TEX,2B,1320.5121387125587,TEX,Jeff,Baker,72.80999999999997
84,andre001,TEX,TEX,SS,653.8493553940255,TEX,Elvis,Andrus,237.21
85,adduj002,TEX,TEX,OF,1461.6926247888955,TEX,Jim,Adduci,8.03
86,zobrb001,TBA,TBA,OF,691.7672300342286,TBA,Ben,Zobrist,265.98
87,yound003,TBA,TBA,OF,1080.4148990314318,PHI,Delmon,Young,96.91
91,scotl001,TBA,TBA,OF,1181.8668064603387,TBA,Luke,Scott,110.24
92,rodrs002,TBA,TBA,2B,1251.9186275600614,TBA,Sean,Rodriguez,71.82999999999998
93,rober002,TBA,TBA,2B,1311.9914078753288,TBA,Ryan,Roberts,54.31999999999999
94,myerw001,TBA,TBA,OF,1054.577130559903,TBA,Wil,Myers,153.5
95,molij001,TBA,TBA,C,1110.3757289786363,TBA,Jose,Molina,82.85999999999999
96,longe001,TBA,TBA,3B,668.8457484495091,TBA,Evan,Longoria,279.75000000000006
97,lonej001,TBA,TBA,1B,814.4533250197597,TBA,James,Loney,241.07
98,lobaj001,TBA,TBA,C,1160.442488341634,TBA,Jose,Lobaton,106.24
99,kierk001,TBA,TBA,OF,1500.0,TBA,Kevin,Kiermaier,0.0
100,joycm001,TBA,TBA,OF,947.9501305857525,TBA,Matthew,Joyce,173.04
101,johnk003,TBA,TBA,OF,1036.0647845240735,TBA,Kelly,Johnson,143.99
102,jennd002,TBA,TBA,OF,800.1476837466889,TBA,Desmond,Jennings,211.64
103,guzmf001,TBA,TBA,OF,1500.0,TBA,Freddy,Guzman,0.2
104,escoy001,TBA,TBA,SS,806.759690531729,TBA,Yunel,Escobar,202.62
105,duncs001,TBA,TBA,OF,1442.8952561950766,TBA,Shelley,Duncan,19.23
106,bourj001,TBA,TBA,2B,1484.0516480438903,TBA,Jason,Bourgeois,5.82
107,beckt001,TBA,TBA,SS,1492.7745769615071,TBA,Tim,Beckham,3.49
108,wongk001,SLN,SLN,2B,1413.899019479063,SLN,Kolten,Wong,8.51
109,wiggt001,SLN,SLN,3B,1431.4550264047034,SLN,Ty,Wigginton,10.760000000000002
110,peteb002,SLN,SLN,1B,1466.8129902080786,SLN,Brock,Peterson,2.44
111,perea002,SLN,SLN,C,1498.5497877485018,SLN,Audry,Perez,-0.2
112,moliy001,SLN,SLN,C,835.1897961226568,SLN,Yadier,Molina,240.88
113,kozmp001,SLN,SLN,SS,868.9381616195531,SLN,Pete,Kozma,117.91
114,jackr005,SLN,SLN,SS,1490.8142088727586,SLN,Ryan,Jackson,-0.4
115,hollm001,SLN,SLN,OF,760.636902157651,SLN,Matt,Holliday,280.64
116,freed001,SLN,SLN,3B,818.0878112511718,SLN,David,Freese,187.74
117,curtj002,SLN,SLN,3B,1495.8546116682899,SLN,Jermaine,Curtis,1.21
118,cruzt002,SLN,SLN,C,1340.9132584324566,SLN,Tony,Cruz,34.64
119,craia001,SLN,SLN,OF,888.6786629099431,SLN,Allen,Craig,254.17
120,chama002,SLN,SLN,OF,1461.345180261263,SLN,Adron,Chambers,4.04
121,carpm002,SLN,SLN,3B,633.5883856141063,SLN,Matt,Carpenter,304.91
122,beltc001,SLN,SLN,CF,713.9412817493233,SLN,Carlos,Beltran,254.95
123,adamm002,SLN,SLN,1B,1058.8859208127797,SLN,Matt,Adams,134.8
124,torra001,SFN,SFN,OF,1167.0020097275599,SFN,Andres,Torres,87.02
125,tanak001,SFN,SFN,2B,1465.679930769181,SFN,Kensuke,Tanaka,11.1
126,scutm001,SFN,SFN,SS,903.5396100078345,SFN,Marco,Scutaro,189.71
127,sandp001,SFN,SFN,C,846.0349948342493,SFN,Pablo,Sandoval,234.66
128,sanch002,SFN,SFN,C,1351.5921714960841,SFN,Hector,Sanchez,48.28000000000001
129,quirg001,SFN,SFN,C,1385.4804377141902,SFN,Guillermo,Quiroz,22.19
130,poseb001,SFN,SFN,C,878.7971364266689,SFN,Buster,Posey,250.53
131,pillb001,SFN,SFN,1B,1397.502848889945,SFN,Brett,Pill,31.17
132,perej002,SFN,SFN,OF,1392.981367899366,SFN,Juan,Perez,29.48
133,pench001,SFN,SFN,OF,731.31341506433,SFN,Hunter,Pence,293.62000000000006
134,peguf001,SFN,SFN,OF,1462.2614181891463,SFN,Francisco,Peguero,8.14
135,pagaa001,SFN,SFN,CF,1191.8192369105793,SFN,Angel,Pagan,113.64
136,noonn001,SFN,SFN,SS,1378.4601707127065,SFN,Nick,Noonan,23.97
137,monej001,SFN,SFN,C,1492.4420700208182,SFN,Johnny,Monell,1.75
138,kiesr001,SFN,SFN,OF,1391.6474423024101,SFN,Roger,Kieschnick,21.17
139,gillc002,SFN,SFN,OF,1438.093539280704,CHN,Cole,Gillespie,16.66
143,crawb001,SFN,SFN,SS,853.2782629502028,SFN,Brandon,Crawford,174.1
144,blang001,SFN,SFN,OF,953.6648112768526,SFN,Gregor,Blanco,166.32999999999996
145,beltb001,SFN,SFN,1B,889.6191005553901,SFN,Brandon,Belt,229.23
146,ariaj001,SFN,SFN,SS,1226.5803612703533,SFN,Joaquin,Arias,70.92999999999998
147,adrie001,SFN,SFN,SS,1475.1406864833848,SFN,Ehire,Adrianza,6.98
148,abret001,SFN,SFN,3B,1345.4056772581912,SFN,Tony,Abreu,48.73
149,zunim001,SEA,SEA,C,1278.1417738271048,SEA,Mike,Zunino,53.86000000000001
150,triuc001,SEA,SEA,SS,1435.15834142104,SEA,Carlos,Triunfel,5.82
151,smoaj001,SEA,SEA,1B,917.4904098848958,SEA,Justin,Smoak,182.52
152,shopk001,SEA,SEA,C,1355.2475636122313,SEA,Kelly,Shoppach,32.51
156,seagk001,SEA,SEA,2B,683.5408777828267,SEA,Kyle,Seager,256.93
157,saunm001,SEA,SEA,OF,978.3803803729052,SEA,Michael,Saunders,157.13
158,quinh001,SEA,SEA,C,1345.1051718859892,PHI,Humberto,Quintero,24.1
162,peguc001,SEA,SEA,OF,1492.4581521757639,SEA,Carlos,Peguero,4.1
163,morsm001,SEA,SEA,OF,1103.8896605335929,SEA,Mike,Morse,95.09
167,morak001,SEA,SEA,1B,735.2322946841048,SEA,Kendrys,Morales,257.85
168,montj003,SEA,SEA,C,1390.189117199986,SEA,Jesus,Montero,30.52
169,millb002,SEA,SEA,SS,1107.6732394864493,SEA,Brad,Miller,121.64
170,lidda001,SEA,SEA,3B,1474.0214389750222,SEA,Alex,Liddi,0.49
171,ibanr001,SEA,SEA,OF,901.3796902598006,SEA,Raul,Ibanez,188.57
172,gutif001,SEA,SEA,OF,1332.840274826987,SEA,Franklin,Gutierrez,58.05
173,chave002,SEA,SEA,OF,1163.434211639562,SEA,Endy,Chavez,77.73
174,bay-j001,SEA,SEA,OF,1225.7777137136763,SEA,Jason,Bay,73.34
175,bantb001,SEA,SEA,C,1496.058694914033,SEA,Brandon,Bantz,-0.2
176,andir001,SEA,SEA,SS,1411.4869799314215,SEA,Robert,Andino,16.23
177,almoa001,SEA,SEA,OF,1415.0227029706252,SEA,Abraham,Almonte,27.49
178,ackld001,SEA,SEA,2B,1011.5697518900838,SEA,Dustin,Ackley,131.6
179,venaw001,SDN,SDN,OF,885.0498393663469,SDN,Will,Venable,189.9
180,robic002,SDN,SDN,C,1487.7130887126434,SDN,Chris,Robinson,4.51
181,river003,SDN,SDN,C,1419.5112926857823,SDN,Rene,Rivera,20.22
182,ransc001,SDN,SDN,3B,1335.2414351259179,CHN,Cody,Ransom,61.53
186,quenc001,SDN,SDN,OF,1208.6808679632588,SDN,Carlos,Quentin,138.17
187,medit001,SDN,SDN,1B,1427.0720990366403,SDN,Tommy,Medica,31.34
188,maybc001,SDN,SDN,OF,1449.9485936166252,SDN,Cameron,Maybin,14.37
189,kotsm001,SDN,SDN,OF,1314.8290708144903,SDN,Mark,Kotsay,40.56999999999999
190,hundn001,SDN,SDN,C,1020.8604942990038,SDN,Nick,Hundley,132.48
191,headc001,SDN,SDN,3B,818.0668479443228,SDN,Chase,Headley,204.61
192,gyorj001,SDN,SDN,3B,883.1960487450509,SDN,Jedd,Gyorko,188.38
193,guzmj005,SDN,SDN,1B,1138.6434080342606,SDN,Jesus,Guzman,103.76
194,grany001,SDN,SDN,C,1398.8919242103739,SDN,Yasmani,Grandal,36.77
195,fuenr001,SDN,SDN,OF,1462.2635324939486,SDN,Reymond,Fuentes,4.62
196,forsl001,SDN,SDN,2B,1205.6376122629192,SDN,Logan,Forsythe,69.53
197,cirip001,SDN,SDN,SS,1365.9574281031396,SDN,Pedro,Ciriaco,20.38
206,ceder002,SDN,SDN,SS,1182.2946009783097,SDN,Ronny,Cedeno,39.45
210,cabre001,SDN,SDN,2B,1074.7969963601427,SDN,Everth,Cabrera,150.23
211,blank002,SDN,SDN,1B,1169.6184673572347,SDN,Kyle,Blanks,100.44
212,alony001,SDN,SDN,1B,1112.6054218142717,SDN,Yonder,Alonso,142.61
213,walkn001,PIT,PIT,3B,824.6445496875975,PIT,Neil,Walker,201.77
214,tabaj002,PIT,PIT,OF,1123.8787935385817,PIT,Jose,Tabata,127.84999999999998
215,sanct001,PIT,PIT,C,1436.1620607842053,PIT,Tony,Sanchez,20.360000000000007
216,sancg001,PIT,PIT,1B,1190.2380076754685,PIT,Gaby,Sanchez,123.36
217,presa001,PIT,PIT,OF,1299.8647762613646,MIN,Alex,Presley,40.44
221,pie-f001,PIT,PIT,OF,1463.0722152331539,PIT,Felix,Pie,3.4800000000000004
222,mornj001,PIT,PIT,1B,739.7896336144781,MIN,Justin,Morneau,207.83
226,mercj002,PIT,PIT,2B,1084.2010897128298,PIT,Jordy,Mercer,127.04999999999998
227,mckem001,PIT,PIT,C,1373.048615129687,PIT,Michael,McKenry,37.81
228,mccua001,PIT,PIT,OF,781.158812949463,PIT,Andrew,McCutchen,306.11
229,marts002,PIT,PIT,OF,847.7119811388527,PIT,Starling,Marte,189.84
230,martr004,PIT,PIT,C,901.6297941823291,PIT,Russell,Martin,175.67
231,lamba001,PIT,PIT,OF,1463.9054791212282,PIT,Andrew,Lambo,8.85
232,ingeb001,PIT,PIT,3B,1369.421122887794,PIT,Brandon,Inge,19.93
233,byrdm001,PIT,PIT,OF,831.0816727917587,NYN,Marlon,Byrd,191.41
237,buckj001,PIT,PIT,C,1006.9468945782709,NYN,John,Buck,140.69
241,barmc001,PIT,PIT,SS,1069.481553453748,PIT,Clint,Barmes,81.97
242,alvap001,PIT,PIT,3B,707.6767900578047,PIT,Pedro,Alvarez,236.98
243,younm003,PHI,PHI,SS,852.1532837466187,PHI,Michael,Young,178.57999999999996
247,utlec001,PHI,PHI,2B,921.0104758470135,PHI,Chase,Utley,222.06
248,susds001,PHI,PHI,OF,1490.535171527218,PHI,Steve,Susdorf,1.0
249,ruppc001,PHI,PHI,C,1489.0344692174217,PHI,Cameron,Rupp,5.23
250,ruf-d001,PHI,PHI,1B,1196.228575262895,PHI,Darin,Ruf,105.79
251,rollj001,PHI,PHI,SS,705.2590689217003,PHI,Jimmy,Rollins,206.9
252,reveb001,PHI,PHI,OF,1170.6738108462746,PHI,Ben,Revere,107.5
253,orr-p001,PHI,PHI,SS,1480.956895801059,PHI,Pete,Orr,3.3
254,nix-l001,PHI,PHI,OF,1343.2267572390167,PHI,Laynce,Nix,25.89
255,maybj001,PHI,PHI,OF,1066.1770031140054,PHI,John,Mayberry,122.40999999999998
256,lerus001,PHI,PHI,C,1492.2229592864953,PHI,Steven,Lerud,-0.8
257,howar001,PHI,PHI,1B,1160.3745957953195,PHI,Ryan,Howard,117.88
258,hernc005,PHI,PHI,2B,1377.8196194443926,PHI,Cesar,Hernandez,40.37
259,galvf001,PHI,PHI,SS,1263.8986582484256,PHI,Freddy,Galvis,68.56
260,frank001,PHI,PHI,2B,1201.0746802596939,PHI,Kevin,Frandsen,91.69
261,carre001,PHI,PHI,OF,1483.981427582728,CLE,Ezequiel,Carrera,2.41
265,browd004,PHI,PHI,OF,893.305673215843,PHI,Domonic,Brown,229.12
266,aschc001,PHI,PHI,3B,1308.2671642656992,PHI,Cody,Asche,61.44
267,younc004,OAK,OAK,OF,1056.0390757330024,OAK,Chris,Young,118.55
268,weekj001,OAK,OAK,2B,1491.8837500906182,OAK,Jemile,Weeks,-0.12
269,vogts001,OAK,OAK,C,1309.6850305797855,OAK,Stephen,Vogt,49.5
270,taylm001,OAK,OAK,OF,1468.7769246908044,OAK,Michael,Taylor,1.26
271,sogae001,OAK,OAK,2B,1020.5136128758832,OAK,Eric,Sogard,137.31
272,smits002,OAK,OAK,OF,1017.6219328357482,OAK,Seth,Smith,139.54999999999998
273,sizes001,OAK,OAK,2B,1495.3598121803764,OAK,Scott,Sizemore,0.8
274,reddj001,OAK,OAK,OF,939.7358202834324,OAK,Josh,Reddick,156.92000000000004
275,petes002,OAK,OAK,OF,1491.794518465085,OAK,Shane,Peterson,1.72
276,parra001,OAK,OAK,2B,1461.9305799467118,OAK,Andy,Parrino,3.89
277,norrd001,OAK,OAK,C,1180.5000087914248,OAK,Derek,Norris,110.23
278,mossb001,OAK,OAK,OF,922.2813123402061,OAK,Brandon,Moss,219.02
279,montl002,OAK,OAK,C,1465.9546281046803,OAK,Luke,Montz,9.4
280,lowrj001,OAK,OAK,SS,702.2213419954187,OAK,Jed,Lowrie,261.13
281,jasoj001,OAK,OAK,C,1280.7129125586848,OAK,John,Jaso,91.01
282,greeg002,OAK,OAK,2B,1362.4796212084184,LAA,Grant,Green,47.25
286,frein001,OAK,OAK,1B,1283.594547518312,OAK,Nate,Freiman,76.49
287,donaj001,OAK,OAK,C,749.4702598215093,OAK,Josh,Donaldson,298.74
288,crisc001,OAK,OAK,OF,821.4281827361534,OAK,Coco,Crisp,232.86
289,choim001,OAK,OAK,OF,1486.4719244648045,OAK,Michael,Choice,4.21
290,cespy001,OAK,OAK,OF,758.283092800714,OAK,Yoenis,Cespedes,210.25
291,calla001,OAK,OAK,2B,1011.6539805327726,LAA,Alberto,Callaspo,120.8
295,bartd001,OAK,OAK,1B,1379.6176408342994,OAK,Daric,Barton,46.87000000000001
296,youne003,NYN,NYN,OF,823.0029491604457,NYN,Eric,Young,129.31
300,wrigd002,NYN,NYN,3B,1037.0116556034566,NYN,David,Wright,218.93
301,valdj002,NYN,NYN,2B,1357.0211221405916,NYN,Jordany,Valdespin,41.65
302,turnj001,NYN,NYN,2B,1297.4061160677625,NYN,Justin,Turner,69.6
303,tovaw001,NYN,NYN,SS,1478.2483609994188,NYN,Wilfredo,Tovar,5.35
304,satij001,NYN,NYN,OF,1304.011055094269,NYN,Josh,Satin,76.86999999999998
305,quino001,NYN,NYN,SS,1093.6800983028609,NYN,Omar,Quintanilla,97.61
306,nieuk001,NYN,NYN,OF,1396.3932956124406,NYN,Kirk,Nieuwenhuis,33.65
307,murpd006,NYN,NYN,3B,662.1595815690865,NYN,Daniel,Murphy,261.44
308,lutzz001,NYN,NYN,3B,1487.008325851287,NYN,Zach,Lutz,10.36
309,lagaj001,NYN,NYN,OF,984.3190140826332,NYN,Juan,Lagares,120.25
310,florw001,NYN,NYN,3B,1386.5544311212516,NYN,Wilmer,Flores,29.0
311,dudal001,NYN,NYN,OF,1120.5443440891565,NYN,Lucas,Duda,131.82
312,dendm001,NYN,NYN,OF,1439.060916867024,NYN,Matt,den Dekker,15.74
313,darnt001,NYN,NYN,C,1379.304465057106,NYN,Travis,d'Arnaud,27.59
314,cowgc001,NYN,NYN,OF,1348.7150360127275,LAA,Collin,Cowgill,27.53
318,centj001,NYN,NYN,C,1489.4944284167607,NYN,Juan,Centeno,3.19
319,browa003,NYN,NYN,OF,1334.0287269679857,NYN,Andrew,Brown,57.790000000000006
320,baxtm001,NYN,NYN,OF,1353.7134147774277,NYN,Mike,Baxter,37.58
321,youkk001,NYA,NYA,3B,1377.7679797120918,NYA,Kevin,Youkilis,33.6
322,wellv001,NYA,NYA,OF,950.3647211038221,NYA,Vernon,Wells,148.48000000000005
323,teixm001,NYA,NYA,1B,1425.999424376557,NYA,Mark,Teixeira,22.2
324,stewc001,NYA,NYA,C,1100.1250355848972,NYA,Chris,Stewart,96.65
325,soria001,NYA,NYA,OF,796.594640234369,CHN,Alfonso,Soriano,141.17000000000004
329,romia002,NYA,NYA,C,1326.8726095162435,NYA,Austin,Romine,35.55999999999999
330,rodra001,NYA,NYA,3B,1311.5234693152033,NYA,Alex,Rodriguez,66.3
331,reynm001,NYA,NYA,3B,945.9584723788598,CLE,Mark,Reynolds,126.55
335,nunee002,NYA,NYA,SS,1108.4703508830153,NYA,Eduardo,Nunez,109.34
336,nix-j001,NYA,NYA,2B,1175.3814172402767,NYA,Jayson,Nix,87.33
337,nelsc001,NYA,NYA,SS,1291.2068688675615,LAA,Chris,Nelson,38.7
346,nealt001,NYA,NYA,OF,1481.0368892606512,NYA,Thomas,Neal,2.37
350,murpj001,NYA,NYA,C,1467.4479909723868,NYA,J. R.,Murphy,3.48
351,mesam001,NYA,NYA,P,1487.9851160597498,NYA,Melky,Mesa,5.66
352,lillb001,NYA,NYA,SS,1428.3554840502657,NYA,Brent,Lillibridge,7.239999999999998
356,josec001,NYA,NYA,2B,1494.8142453272415,NYA,Corban,Joseph,1.69
357,jeted001,NYA,NYA,SS,1407.6479779905665,NYA,Derek,Jeter,21.57
358,ishit001,NYA,NYA,1B,1478.2950833860104,BAL,Travis,Ishikawa,1.6
362,hafnt001,NYA,NYA,1B,1164.490304269985,NYA,Travis,Hafner,101.1
363,granc001,NYA,NYA,RF,1230.1869391855903,NYA,Curtis,Granderson,74.17999999999998
364,gardb001,NYA,NYA,OF,811.6285466666219,NYA,Brett,Gardner,213.1
365,franb001,NYA,NYA,OF,1444.3632782489394,NYA,Ben,Francisco,8.22
366,cruzl001,NYA,NYA,2B,1274.2039088912666,LAN,Luis,Cruz,20.630000000000006
370,cervf001,NYA,NYA,C,1452.6625274903488,NYA,Francisco,Cervelli,27.02
371,canor001,NYA,NYA,2B,758.8996736757482,NYA,Robinson,Cano,323.92
372,brigr001,NYA,NYA,SS,1398.9942490065455,COL,Reid,Brignac,16.79
376,boesb001,NYA,NYA,OF,1450.2296236271275,NYA,Brennan,Boesch,22.51
377,almoz001,NYA,NYA,OF,1384.1186518637169,NYA,Zoilo,Almonte,31.75
378,adamd001,NYA,NYA,2B,1332.5341397747893,NYA,David,Adams,37.13
379,willj004,MIN,MIN,OF,1019.2186762471789,MIN,Josh,Willingham,159.5
380,thomc002,MIN,MIN,OF,1122.2842032954418,MIN,Clete,Thomas,75.57
381,ramiw001,MIN,MIN,OF,1416.2269376748309,MIN,Wilkin,Ramirez,24.74
382,plout001,MIN,MIN,SS,902.0234126401303,MIN,Trevor,Plouffe,174.45000000000005
383,pintj001,MIN,MIN,C,1433.6295674039081,MIN,Josmil,Pinto,38.34
384,parmc001,MIN,MIN,1B,1144.0962436703091,MIN,Chris,Parmelee,98.73
385,mauej001,MIN,MIN,C,1023.6579338137713,MIN,Joe,Mauer,209.34
386,mastd002,MIN,MIN,OF,1414.4492522383412,MIN,Darin,Mastroianni,13.52
387,hicka001,MIN,MIN,OF,1143.4293205900337,MIN,Aaron,Hicks,84.43999999999998
388,herrc001,MIN,MIN,C,1293.2788014442788,MIN,Chris,Herrmann,50.8
389,fryee001,MIN,MIN,C,1489.850915692633,MIN,Eric,Fryer,10.29
390,florp001,MIN,MIN,SS,951.5206173971239,MIN,Pedro,Florimon,129.15
391,dozib001,MIN,MIN,SS,745.0022082065386,MIN,Brian,Dozier,218.29
392,doumr001,MIN,MIN,C,883.5798509277759,MIN,Ryan,Doumit,186.52
393,colac001,MIN,MIN,3B,1306.6631513833736,MIN,Chris,Colabello,51.19
394,bernd001,MIN,MIN,3B,1438.7933132825883,MIN,Doug,Bernier,18.69
395,arcio001,MIN,MIN,OF,1079.383124050742,MIN,Oswaldo,Arcia,126.58
396,weekr001,MIL,MIL,2B,1072.0348048520686,MIL,Rickie,Weeks,113.53
397,seguj002,MIL,MIL,SS,807.9807777689274,MIL,Jean,Segura,223.8
398,schal001,MIL,MIL,OF,1113.1645951470787,MIL,Logan,Schafer,100.89
399,ramia001,MIL,MIL,3B,1157.601938238068,MIL,Aramis,Ramirez,150.87
400,prinj001,MIL,MIL,OF,1491.4772719278174,MIL,Josh,Prince,1.69
401,lucrj001,MIL,MIL,C,836.7540114749796,MIL,Jonathan,Lucroy,245.52
402,lallb001,MIL,MIL,C,1471.696941716713,MIL,Blake,Lalli,2.74
403,halts002,MIL,MIL,1B,1387.4617677983078,MIL,Sean,Halton,39.16
404,gonza002,MIL,MIL,SS,1371.803700045082,MIL,Alex,Gonzalez,23.35
405,gomec002,MIL,MIL,OF,844.2753620866517,MIL,Carlos,Gomez,239.54
406,gindc001,MIL,MIL,OF,1354.20202972387,MIL,Caleb,Gindl,56.81999999999999
407,franj005,MIL,MIL,3B,1092.6347785219684,MIL,Juan,Francisco,89.0
411,davik003,MIL,MIL,OF,1359.1960963340412,MIL,Khris,Davis,74.07999999999998
412,braur002,MIL,MIL,OF,1289.9237986427,MIL,Ryan,Braun,109.41
413,bianj001,MIL,MIL,SS,1219.329085330661,MIL,Jeff,Bianchi,70.99
414,betay001,MIL,MIL,SS,990.1081387055715,MIL,Yuniesky,Betancourt,123.79
415,yelic001,MIA,MIA,OF,1251.4959745376618,MIA,Christian,Yelich,92.64
416,velag002,MIA,MIA,SS,1498.0161668094986,MIA,Gil,Velazquez,0.0
417,valac001,MIA,MIA,SS,1432.6724155425766,MIA,Chris,Valaika,21.56
418,stanm004,MIA,MIA,OF,993.8250386389801,MIA,Giancarlo,Stanton,200.74
419,solad001,MIA,MIA,2B,1056.2327242245385,MIA,Donovan,Solano,122.92000000000002
420,skipk001,MIA,MIA,C,1497.419002870056,MIA,Kyle,Skipworth,0.49
421,ruggj001,MIA,MIA,OF,953.2132694287116,MIA,Justin,Ruggiano,155.27999999999997
422,polap001,MIA,MIA,SS,1040.9307039742407,MIA,Placido,Polanco,126.0
423,pierj002,MIA,MIA,OF,1142.6661805364504,MIA,Juan,Pierre,87.25
424,olivm001,MIA,MIA,C,1428.246652987993,MIA,Miguel,Olivo,23.94
425,ozunm001,MIA,MIA,OF,1202.5328888647318,MIA,Marcell,Ozuna,99.35
426,morrl001,MIA,MIA,OF,1152.4780946242429,MIA,Logan,Morrison,119.38
427,marij002,MIA,MIA,OF,1366.1393272080759,MIA,Jake,Marisnick,23.6
428,mahoj001,MIA,MIA,1B,1473.8665153433706,MIA,Joe,Mahoney,10.66
429,lucae001,MIA,MIA,3B,1075.9231648472378,MIA,Ed,Lucas,113.81
430,kotcc001,MIA,MIA,1B,1468.544588734066,MIA,Casey,Kotchman,1.24
431,keara001,MIA,MIA,OF,1477.1613264186265,MIA,Austin,Kearns,5.56
432,hillk002,MIA,MIA,C,1419.0866261080735,MIA,Koyie,Hill,6.44
433,hecha001,MIA,MIA,3B,760.3689351371687,MIA,Adeiny,Hechavarria,152.88000000000005
434,dobbg001,MIA,MIA,3B,1231.4934056290467,MIA,Greg,Dobbs,80.6
435,dietd001,MIA,MIA,2B,1251.3557832222432,MIA,Derek,Dietrich,73.80000000000003
436,diazm003,MIA,MIA,OF,1477.8637239619868,MIA,Matt,Diaz,3.8
437,coghc001,MIA,MIA,OF,1289.3025919746106,MIA,Chris,Coghlan,62.16
438,browj006,MIA,MIA,OF,1487.2528275749892,MIA,Jordan,Brown,7.3
439,vanss001,LAN,LAN,OF,1378.152170526694,LAN,Scott,Van Slyke,58.89
440,uribj002,LAN,LAN,SS,997.0033993523982,LAN,Juan,Uribe,161.66
441,sellj002,LAN,LAN,SS,1441.908578305873,LAN,Justin,Sellers,15.35
442,ramih003,LAN,LAN,SS,1163.2473439146372,LAN,Hanley,Ramirez,178.23999999999995
443,puntn001,LAN,LAN,2B,1163.9004096517986,LAN,Nick,Punto,98.26
444,puigy001,LAN,LAN,OF,1059.5800915260995,LAN,Yasiel,Puig,180.32
445,kempm001,LAN,LAN,OF,1239.4244409665876,LAN,Matt,Kemp,102.15
446,herre001,LAN,LAN,2B,1492.3846804601776,LAN,Elian,Herrera,1.36
447,hernr002,LAN,LAN,C,1455.3803701256495,LAN,Ramon,Hernandez,20.28
448,hairj002,LAN,LAN,2B,1259.9335400471084,LAN,Jerry,Hairston,66.08
449,gordd002,LAN,LAN,SS,1416.6989644003,LAN,Dee,Gordon,30.63
450,gonza003,LAN,LAN,1B,762.4381772842697,LAN,Adrian,Gonzalez,274.67
451,fedet001,LAN,LAN,C,1318.1712958733024,LAN,Tim,Federowicz,47.52
452,ethia001,LAN,LAN,OF,900.2545510267432,LAN,Andre,Ethier,207.35
453,ellim001,LAN,LAN,SS,927.01263210218,LAN,Mark,Ellis,162.88
454,ellia001,LAN,LAN,C,995.1158690112867,LAN,A. J.,Ellis,155.72
455,crawc002,LAN,LAN,OF,965.3333319310763,LAN,Carl,Crawford,159.49999999999997
456,casta003,LAN,LAN,OF,1480.402057789426,LAN,Alex,Castellanos,3.81
457,bussn001,LAN,LAN,OF,1478.8196175906328,LAN,Nick,Buss,2.25
458,tejam001,KCA,KCA,SS,1331.1800371619472,KCA,Miguel,Tejada,59.96
459,peres002,KCA,KCA,C,894.7593769442317,KCA,Salvador,Perez,216.43
460,penac001,KCA,KCA,1B,1169.6001473320357,HOU,Carlos,Pena,97.20999999999998
464,mousm001,KCA,KCA,3B,878.1694743629773,KCA,Mike,Moustakas,158.11999999999995
465,moora001,KCA,KCA,C,1490.4136883723115,KCA,Adam,Moore,3.45
466,maxwj002,KCA,KCA,OF,1251.5376412316357,KCA,Justin,Maxwell,45.83
470,lougd001,KCA,KCA,OF,1111.340590067445,KCA,David,Lough,117.09
471,kottg001,KCA,KCA,C,1389.1785049646705,KCA,George,Kottaras,41.42
472,johne002,KCA,KCA,2B,1185.9543646469856,KCA,Elliot,Johnson,34.599999999999994
476,hosme001,KCA,KCA,1B,715.5656849635607,KCA,Eric,Hosmer,273.21000000000004
477,hayeb001,KCA,KCA,C,1480.902298372093,KCA,Brett,Hayes,7.36
478,gorda001,KCA,KCA,OF,660.432457902201,KCA,Alex,Gordon,258.95000000000005
479,giavj001,KCA,KCA,2B,1452.6200627034589,KCA,Johnny,Giavotella,15.97
480,getzc001,KCA,KCA,2B,1234.1473701865846,KCA,Chris,Getz,69.41
481,falui001,KCA,KCA,2B,1495.1356598644793,KCA,Irving,Falu,0.88
482,escoa003,KCA,KCA,SS,651.7290117719278,KCA,Alcides,Escobar,181.61
483,dysoj001,KCA,KCA,OF,1251.3648574308274,KCA,Jarrod,Dyson,79.80000000000003
484,cainl001,KCA,KCA,OF,1014.410151569346,KCA,Lorenzo,Cain,144.15999999999997
485,butlb003,KCA,KCA,OF,772.9296078346835,KCA,Billy,Butler,271.15
486,wallb001,HOU,HOU,1B,1186.4889248089064,HOU,Brett,Wallace,92.49
487,villj001,HOU,HOU,SS,1246.609132853128,HOU,Jonathan,Villar,59.5
488,stasm001,HOU,HOU,C,1492.5159542331103,HOU,Max,Stassi,2.83
489,parej002,HOU,HOU,SS,1344.6878396259553,HOU,Jimmy,Paredes,26.48
490,martj006,HOU,HOU,OF,1158.5590833881788,HOU,J. D.,Martinez,96.46
491,martf002,HOU,HOU,OF,1465.3000849443238,HOU,Fernando,Martinez,7.64
492,lairb001,HOU,HOU,3B,1409.7728491884695,HOU,Brandon,Laird,23.58
493,pagnm001,HOU,HOU,C,1474.8533636784678,HOU,Matt,Pagnozzi,2.73
494,kraum001,HOU,HOU,OF,1338.9208381916974,HOU,Marc,Krauss,40.79
495,hoesl001,HOU,HOU,OF,1330.971522659874,HOU,L. J.,Hoes,57.7
499,grosr001,HOU,HOU,OF,1202.301577603406,HOU,Robbie,Grossman,87.52
500,gonzm002,HOU,HOU,SS,1258.314349286899,HOU,Marwin,Gonzalez,57.13
501,domim001,HOU,HOU,3B,790.298872165399,HOU,Matt,Dominguez,211.15
502,crowt001,HOU,HOU,OF,1304.1575010732338,HOU,Trevor,Crowe,49.46
503,corpc001,HOU,HOU,C,1272.5966867817358,HOU,Carlos,Corporan,62.28
504,clarc001,HOU,HOU,C,1446.3126916547583,HOU,Cody,Clark,1.63
505,castj006,HOU,HOU,C,979.0926197929883,HOU,Jason,Castro,189.59
506,cartc002,HOU,HOU,OF,836.1924553674503,HOU,Chris,Carter,211.54
507,barnb002,HOU,HOU,OF,979.0285426515893,HOU,Brandon,Barnes,125.13
508,altuj001,HOU,HOU,2B,692.7025735061301,HOU,Jose,Altuve,220.78
509,tuiam001,DET,DET,3B,1337.9964009642783,DET,Matt,Tuiasosopo,74.92999999999998
510,santr002,DET,DET,2B,1258.6838000858907,DET,Ramon,Santiago,64.4
511,peraj001,DET,DET,SS,1024.3351513136085,DET,Jhonny,Peralta,176.98000000000005
512,penab002,DET,DET,C,1255.035254296981,DET,Brayan,Pena,84.39999999999998
513,martv001,DET,DET,C,719.8108580748724,DET,Victor,Martinez,274.87000000000006
514,jacka001,DET,DET,OF,744.1648683011952,DET,Austin,Jackson,209.72
515,infao001,DET,DET,SS,949.9024936254824,DET,Omar,Infante,191.12
516,iglej001,DET,DET,SS,1119.1617218327567,BOS,Jose,Iglesias,88.66
520,huntt001,DET,DET,CF,687.3851404121243,DET,Torii,Hunter,260.25000000000006
521,garca003,DET,DET,OF,1266.8622120668674,CHA,Avisail,Garcia,63.41999999999999
525,fielp001,DET,DET,1B,672.7718313743148,DET,Prince,Fielder,306.65
526,dirka001,DET,DET,OF,978.3000109617941,DET,Andy,Dirks,157.47
527,castn001,DET,DET,OF,1483.8181782005322,DET,Nick,Castellanos,4.2
528,cabrm001,DET,DET,3B,865.4115777076588,DET,Miguel,Cabrera,377.68
529,avila001,DET,DET,C,1066.1415183958932,DET,Alex,Avila,127.58
530,wheer001,COL,COL,3B,1460.4978515951082,COL,Ryan,Wheeler,12.5
531,tulot001,COL,COL,SS,1058.970787251901,COL,Troy,Tulowitzki,245.87
532,torry001,COL,COL,C,1319.1074085305454,COL,Yorvit,Torrealba,57.59
533,rutlj001,COL,COL,SS,1193.435247667467,COL,Josh,Rutledge,90.62
534,rosaw001,COL,COL,C,1025.94597399209,COL,Wilin,Rosario,195.09
535,pachj001,COL,COL,C,1247.7142486897149,COL,Jordan,Pacheco,75.98
536,lemad001,COL,COL,2B,1054.3432139648964,COL,DJ,LeMahieu,133.46
537,herrj002,COL,COL,2B,1331.0204492533508,COL,Jonathan,Herrera,72.05999999999997
538,heltt001,COL,COL,1B,1041.0979746601622,COL,Todd,Helton,167.78
539,gonzc001,COL,COL,OF,1129.594266058419,COL,Carlos,Gonzalez,204.97000000000003
540,fowld001,COL,COL,OF,1062.7326797775172,COL,Dexter,Fowler,177.17999999999995
541,dickc002,COL,COL,OF,1316.333696469756,COL,Corey,Dickerson,73.33999999999997
542,culbc001,COL,COL,2B,1412.7052086522126,COL,Charlie,Culberson,37.16
543,colvt001,COL,COL,OF,1422.0509905731426,COL,Tyler,Colvin,18.03
544,blacc001,COL,COL,OF,1270.236260647915,COL,Charlie,Blackmon,95.55
545,arenn001,COL,COL,3B,944.18435995442,COL,Nolan,Arenado,179.35
546,stubd001,CLE,CLE,OF,987.7884440944547,CLE,Drew,Stubbs,147.47
547,santo001,CLE,CLE,C,1498.9052712689293,CLE,Omir,Santos,0.0
548,santc002,CLE,CLE,C,867.646157322716,CLE,Carlos,Santana,263.87999999999994
549,ramij003,CLE,CLE,2B,1492.2955871036936,CLE,Jose,Ramirez,4.75
550,phelc001,CLE,CLE,SS,1487.91508578585,CLE,Cord,Phelps,-0.4
551,marsl001,CLE,CLE,C,1497.9075819672116,CLE,Lou,Marson,1.38
552,kubej002,CLE,CLE,RF,1248.1895790221695,ARI,Jason,Kubel,79.31
556,kipnj001,CLE,CLE,2B,831.0149069194108,CLE,Jason,Kipnis,267.26000000000005
557,gomey001,CLE,CLE,C,1213.5889141142522,CLE,Yan,Gomes,128.24
558,giamj001,CLE,CLE,1B,1292.175249439221,CLE,Jason,Giambi,73.05999999999997
559,chisl001,CLE,CLE,3B,1183.7039651926802,CLE,Lonnie,Chisenhall,103.32
560,carsm001,CLE,CLE,OF,1500.5265131196536,CLE,Matt,Carson,11.32
561,cabra002,CLE,CLE,SS,848.3566642780561,CLE,Asdrubal,Cabrera,192.93
562,branm003,CLE,CLE,OF,823.4925900904493,CLE,Michael,Brantley,235.02
563,bourm001,CLE,CLE,OF,862.3433877852601,CLE,Michael,Bourn,179.28000000000003
564,avilm001,CLE,CLE,SS,1061.1990685321132,CLE,Mike,Aviles,134.59
565,vottj001,CIN,CIN,1B,872.908008632693,CIN,Joey,Votto,317.49
566,soton001,CIN,CIN,1B,1486.4753001216948,CIN,Neftali,Soto,-0.48
567,rodrh003,CIN,CIN,2B,1491.6981501655334,CIN,Henry,Rodriguez,0.77
568,robid002,CIN,CIN,OF,1327.2596673572539,CIN,Derrick,Robinson,56.91
569,philb001,CIN,CIN,SS,719.9777649172069,CIN,Brandon,Phillips,259.22
570,paulx001,CIN,CIN,OF,1309.6864934678308,CIN,Xavier,Paul,90.19
571,millc001,CIN,CIN,C,1468.3654194570263,CIN,Corky,Miller,18.49
572,mesod001,CIN,CIN,C,1142.4008340178752,CIN,Devin,Mesoraco,117.34
573,lutzd001,CIN,CIN,OF,1448.0980895649288,CIN,Donald,Lutz,18.03
574,ludwr001,CIN,CIN,OF,1365.8595222162169,CIN,Ryan,Ludwick,41.28
575,iztuc001,CIN,CIN,SS,1371.5324360782747,CIN,Cesar,Izturis,38.58
576,heisc001,CIN,CIN,OF,1254.939320542994,CIN,Chris,Heisey,78.78999999999998
577,hannj001,CIN,CIN,3B,1374.1493734756211,CIN,Jack,Hannahan,47.32
578,hanir001,CIN,CIN,C,1247.4579906359043,CIN,Ryan,Hanigan,78.03999999999998
579,hamib001,CIN,CIN,OF,1491.1124129503974,CIN,Billy,Hamilton,10.41
580,frazt001,CIN,CIN,OF,854.1792095739042,CIN,Todd,Frazier,215.24
581,cozaz001,CIN,CIN,SS,755.133752465191,CIN,Zack,Cozart,200.06
582,choos001,CIN,CIN,OF,907.0792036108799,CIN,Shin-Soo,Choo,287.66
583,brucj001,CIN,CIN,OF,724.9759841768708,CIN,Jay,Bruce,282.05
584,watkl001,CHN,CHN,2B,1465.7374257053805,CHN,Logan,Watkins,6.73
585,valbl001,CHN,CHN,2B,1170.667276569284,CHN,Luis,Valbuena,135.45
586,sweer001,CHN,CHN,OF,1333.6666187216454,CHN,Ryan,Sweeney,77.25999999999998
587,schin001,CHN,CHN,OF,1011.676115421743,CHN,Nate,Schierholtz,194.5
588,sappd001,CHN,CHN,OF,1446.7904487659755,CHN,Dave,Sappelt,19.25
589,rizza001,CHN,CHN,1B,794.2126571534947,CHN,Anthony,Rizzo,254.18
590,navad001,CHN,CHN,C,1303.664931219429,CHN,Dioner,Navarro,115.18999999999998
591,murpd004,CHN,CHN,SS,1369.3510734575993,CHN,Donnie,Murphy,65.99000000000001
592,lakej001,CHN,CHN,3B,1297.525999435008,CHN,Junior,Lake,80.14999999999998
593,clevs001,CHN,CHN,C,1481.3961338529787,BAL,Steve,Clevenger,4.94
597,casts001,CHN,CHN,SS,718.3315938100078,CHN,Starlin,Castro,199.08
598,castw002,CHN,CHN,C,1140.0471517333174,CHN,Welington,Castillo,144.36
599,boscj001,CHN,CHN,C,1491.761556168464,CHN,J. C.,Boscan,2.4
600,vicid001,CHA,CHA,OF,1006.0668215226494,CHA,Dayan,Viciedo,169.35
601,tekob001,CHA,CHA,OF,1475.7631257846965,CHA,Blake,Tekotte,9.11
602,semim001,CHA,CHA,SS,1447.3471705587565,CHA,Marcus,Semien,20.520000000000003
603,sanca005,CHA,CHA,SS,1496.6591212887865,CHA,Angel,Sanchez,0.0
604,moreb001,CHA,CHA,3B,1476.8587704768524,CHA,Brent,Morel,6.98
605,konep001,CHA,CHA,1B,938.3468930350151,CHA,Paul,Konerko,178.67
606,keppj001,CHA,CHA,2B,1007.5415395076311,CHA,Jeff,Keppinger,139.27
607,greet004,CHA,CHA,SS,1444.8428795848586,CHA,Tyler,Greene,13.49
608,gonzm004,CHA,CHA,C,1495.2453146299224,CHA,Miguel,Gonzalez,1.16
609,gimeh001,CHA,CHA,C,1433.6400234244318,CHA,Hector,Gimenez,24.590000000000003
610,gillc001,CHA,CHA,1B,1035.9412263512047,CHA,Conor,Gillaspie,149.42000000000004
611,flowt001,CHA,CHA,C,1207.3412950345762,CHA,Tyler,Flowers,69.93999999999998
612,deaza001,CHA,CHA,OF,747.1557014528399,CHA,Alejandro,De Aza,228.58
613,dankj002,CHA,CHA,OF,1359.8811183091984,CHA,Jordan,Danks,51.6
614,beckg001,CHA,CHA,3B,1104.052031646231,CHA,Gordon,Beckham,130.41000000000003
615,andeb005,CHA,CHA,C,1479.0739812354113,CHA,Bryan,Anderson,2.39
616,victs001,BOS,BOS,OF,887.9953443953548,BOS,Shane,Victorino,214.46
617,snydb003,BOS,BOS,1B,1454.6167299152023,BOS,Brandon,Snyder,14.57
618,saltj001,BOS,BOS,C,1022.580448323821,BOS,Jarrod,Saltalamacchia,181.48
619,pedrd001,BOS,BOS,2B,723.7101890494794,BOS,Dustin,Pedroia,297.05
620,ortid001,BOS,BOS,1B,895.2727903486538,BOS,David,Ortiz,301.41
621,navad002,BOS,BOS,OF,1022.6439545800512,BOS,Daniel,Nava,222.05
622,napom001,BOS,BOS,1B,888.6192575621833,BOS,Mike,Napoli,238.49
623,middw001,BOS,BOS,3B,1048.2466938317077,BOS,Will,Middlebrooks,126.95
624,lavar001,BOS,BOS,C,1436.3060356556484,BOS,Ryan,Lavarnway,33.6
625,holtb002,BOS,BOS,2B,1428.8567579999424,BOS,Brock,Holt,24.28
626,ellsj001,BOS,BOS,OF,800.4422294637683,BOS,Jacoby,Ellsbury,242.94
627,drews001,BOS,BOS,SS,928.9711290071249,BOS,Stephen,Drew,192.53
628,diazj004,BOS,BOS,3B,1496.4256900728897,BOS,Jonathan,Diaz,0.0
629,bradj001,BOS,BOS,OF,1401.907437981919,BOS,Jackie,Bradley,30.78
630,bogax001,BOS,BOS,SS,1441.1810501040013,BOS,Xander,Bogaerts,16.32
631,berrq001,BOS,BOS,OF,1500.0782938141144,BOS,Quintin,Berry,9.39
632,wietm001,BAL,BAL,C,888.9990352037798,BAL,Matt,Wieters,211.54
633,valed001,BAL,BAL,3B,1362.3255360275323,BAL,Danny,Valencia,72.49999999999999
634,urruh001,BAL,BAL,OF,1457.017787177299,BAL,Henry,Urrutia,14.05
635,teagt001,BAL,BAL,C,1430.8151824412948,BAL,Taylor,Teagarden,12.16
636,snydc002,BAL,BAL,C,1482.6151072032985,BAL,Chris,Snyder,3.87
637,schoj001,BAL,BAL,3B,1494.2058337718374,BAL,Jonathan,Schoop,5.66
638,robeb003,BAL,BAL,2B,1249.4672658501806,BAL,Brian,Roberts,110.46
639,reimn001,BAL,BAL,OF,1383.5261010030174,BAL,Nolan,Reimold,35.94
640,pridj001,BAL,BAL,OF,1493.1377675190856,BAL,Jason,Pridie,2.11
641,pears001,BAL,BAL,1B,1416.3223716246168,BAL,Steve,Pearce,52.1
642,navay001,BAL,BAL,SS,1478.7902847340426,BAL,Yamaico,Navarro,9.09
643,mclon001,BAL,BAL,CF,944.2555204423431,BAL,Nate,McLouth,199.17
644,markn001,BAL,BAL,OF,802.2850051287486,BAL,Nick,Markakis,239.36
645,machm001,BAL,BAL,3B,758.0138765275057,BAL,Manny,Machado,251.61
646,jonea003,BAL,BAL,OF,791.297282071638,BAL,Adam,Jones,290.5
647,johnd004,BAL,BAL,1B,1493.9330515661452,BAL,Dan,Johnson,-0.2
648,hardj003,BAL,BAL,SS,836.2411308413483,BAL,J. J.,Hardy,244.28
649,dickc001,BAL,BAL,OF,1413.4640457828432,BAL,Chris,Dickerson,33.89
650,casia001,BAL,BAL,SS,1396.9496669067482,BAL,Alexi,Casilla,35.23999999999999
651,betew001,BAL,BAL,SS,1484.7614730210355,BAL,Wilson,Betemit,-0.6
652,uptoj001,ATL,ATL,OF,909.4359653097839,ATL,Justin,Upton,246.37
653,uptob001,ATL,ATL,OF,1041.2112291241135,ATL,Melvin,Upton,100.56
654,uggld001,ATL,ATL,2B,984.7288207002881,ATL,Dan,Uggla,167.17
655,terdj001,ATL,ATL,OF,1434.0991493246672,ATL,Joey,Terdoslavich,23.020000000000003
656,simma001,ATL,ATL,SS,805.0452354472686,ATL,Andrelton,Simmons,226.37
657,schaj002,ATL,ATL,OF,1304.1276880684602,ATL,Jordan,Schafer,81.57000000000002
658,penar002,ATL,ATL,SS,1438.182958496995,ATL,Ramiro,Pena,39.61
659,pastt001,ATL,ATL,SS,1481.3844814154875,ATL,Tyler,Pastornicky,8.129999999999999
660,mccab002,ATL,ATL,C,1155.6359930295835,ATL,Brian,McCann,166.07999999999996
661,lairg001,ATL,ATL,C,1415.4798960705023,ATL,Gerald,Laird,50.63
662,johnr008,ATL,ATL,OF,1413.0017979366505,ATL,Reed,Johnson,40.82
663,johnc003,ATL,ATL,3B,1052.5191220878603,ATL,Chris,Johnson,218.73
664,heywj001,ATL,ATL,OF,1143.3057194466508,ATL,Jason,Heyward,160.06999999999996
665,gossp001,ATL,ATL,2B,1496.8456095968736,ATL,Philip,Gosselin,2.05
666,gatte001,ATL,ATL,C,1143.17112632115,ATL,Evan,Gattis,155.72
667,freef001,ATL,ATL,1B,1034.1711003816354,ATL,Freddie,Freeman,298.99
668,dewib001,ATL,ATL,3B,1496.9916181545711,ATL,Blake,DeWitt,1.3
669,cunnt001,ATL,ATL,OF,1493.7934421922846,ATL,Todd,Cunningham,1.16
670,consj001,ATL,ATL,OF,1479.9158285190997,ATL,Jose,Constanza,7.0299999999999985
671,pradm001,ARI,ARI,OF,894.1169450138837,ARI,Martin,Prado,263.49
672,polla001,ARI,ARI,OF,1090.6090373833495,ARI,A. J.,Pollock,163.68
673,pennc001,ARI,ARI,SS,1258.5688956040524,ARI,Cliff,Pennington,85.19
674,parrg001,ARI,ARI,OF,897.9405432424026,ARI,Gerardo,Parra,219.3
675,owinc001,ARI,ARI,SS,1457.3229175858894,ARI,Chris,Owings,21.97
676,nievw001,ARI,ARI,C,1350.2635439099836,ARI,Wil,Nieves,71.58
677,marta005,ARI,ARI,OF,1470.8339208204993,ARI,Alfredo,Marte,12.08
678,hinse001,ARI,ARI,OF,1459.7083223289417,ARI,Eric,Hinske,15.22
679,hilla001,ARI,ARI,2B,1237.4798436091414,ARI,Aaron,Hill,146.46999999999997
680,gregd001,ARI,ARI,SS,1166.3381685964562,ARI,Didi,Gregorius,131.34
681,goset001,ARI,ARI,C,1453.1367156696056,ARI,Tuffy,Gosewisch,8.53
682,goldp001,ARI,ARI,1B,958.921962897198,ARI,Paul,Goldschmidt,349.07000000000005
683,eatoa002,ARI,ARI,OF,1287.3899080971787,ARI,Adam,Eaton,88.93
684,davim005,ARI,ARI,3B,1437.9895318490471,ARI,Matt,Davidson,32.459999999999994
685,chave001,ARI,ARI,3B,1325.2832010407863,ARI,Eric,Chavez,110.57
686,campt001,ARI,ARI,OF,1471.0580082612025,ARI,Tony,Campana,14.71
687,bloow001,ARI,ARI,2B,1400.49550129392,ARI,Willie,Bloomquist,55.51
688,trumm001,ANA,ANA,1B,819.9340196180968,LAA,Mark,Trumbo,251.96
689,troum001,ANA,ANA,OF,1034.1103849062365,LAA,Mike,Trout,347.8
690,pujoa001,ANA,ANA,1B,1146.8353182654403,LAA,Albert,Pujols,182.34
691,navae001,ANA,ANA,1B,1499.8632444913092,LAA,Efren,Navarro,3.01
692,kendh001,ANA,ANA,2B,1093.4675263764193,LAA,Howie,Kendrick,192.09
693,jimel002,ANA,ANA,3B,1425.3184470178585,LAA,Luis,Jimenez,26.630000000000006
694,iannc001,ANA,ANA,C,1220.1535549788098,LAA,Chris,Iannetta,138.73000000000002
695,hestj001,ANA,ANA,C,1500.9837422672383,LAA,John,Hester,0.69
696,hawpb001,ANA,ANA,OF,1479.877565266693,LAA,Brad,Hawpe,6.55
697,harrb001,ANA,ANA,SS,1414.1897961648613,LAA,Brendan,Harris,30.73
698,hamij003,ANA,ANA,OF,862.7054770566555,LAA,Josh,Hamilton,228.07
699,fielt001,ANA,ANA,SS,1470.52948187046,LAA,Thomas,Field,2.81
700,couss001,ANA,ANA,OF,1495.7167303896524,LAA,Scott,Cousins,0.09
701,congh001,ANA,ANA,C,1290.7736413700984,LAA,Hank,Conger,81.40999999999998
702,calhk001,ANA,ANA,OF,1327.8282289447236,LAA,Kole,Calhoun,91.85
703,bourp001,ANA,ANA,OF,1380.6719319297326,LAA,Peter,Bourjos,61.83
